{
    "loss": 0.24041259288787842,
    "accuracy": 0.9136690497398376
}